text,label
Create a modern personal portfolio site for Alex that showcases 2025 design trends,other
Create a modern personal portfolio site for Alex that showcases 2025 design trends,other
Create a modern personal portfolio site for Alex that showcases 2025 design trends,other
Create a modern personal portfolio site for Alex that showcases 2025 design trends,other
how are you?,other
system status report please?,github
info https://github.com/Spyboss/bill-gen.git,github
Make a journal entry,notion
Create code for a simple web scraper,other
how to execute that task??,task
tell me my name?,other
who are you?,other
Create a document called Project Ideas,github
Show me info about github.com/username/repo,github
Generate a commit message for file_path in username/repo,github
status?,other
Hi! I am Uminda. who are you?,other
Create code for a simple web scraper,other
status,other
python main.py,other
python test_workflow.py,other
who are you?,other
what is the system status?,other
tasks?,task
Write a blog post about machine learning,other
i meant mcp = models context protocoal,github
Write a blog post about machine learning with claude-3-sonnet.,other
execute that  task!,task
execute task id 1f73037d-ef6f-4fc9-aba6-ad2ad7d6cdd5,task
pip install spacy,other
python -m spacy download en_core_web_sm,other
who are you?,other
show me system status!,other
Create code for a simple web scraper,other
run that task,task
how are you feeling bruv?,other
tell me about you?,other
very sad,other
show my tasks,task
"add task ""Prepare presentation for client meeting on Wednesday""",task
I need to create a commit message for my latest code changes. Can you help me with that?,github
